epoch,tr_data,tr_model,tr_total,va_data,va_model,va_total
1,0.04186479906950678,1.0064654520579748,1.0483302559171404,0.009465600763048445,1.0053269011633736,1.0147925104413713
