epoch,tr_data,tr_model,tr_total,va_data,va_model,va_total
1,337090681.85714287,581886.9034598215,337672575.5714286,15075178.714285715,31194.49874441964,15106373.42857143
